[{"model": "contenttypes.contenttype", "pk": 1, "fields": {"app_label": "admin", "model": "logentry"}}, {"model": "contenttypes.contenttype", "pk": 2, "fields": {"app_label": "auth", "model": "group"}}, {"model": "contenttypes.contenttype", "pk": 3, "fields": {"app_label": "auth", "model": "permission"}}, {"model": "contenttypes.contenttype", "pk": 4, "fields": {"app_label": "contenttypes", "model": "contenttype"}}, {"model": "contenttypes.contenttype", "pk": 5, "fields": {"app_label": "sessions", "model": "session"}}, {"model": "contenttypes.contenttype", "pk": 6, "fields": {"app_label": "accounts", "model": "myuser"}}, {"model": "contenttypes.contenttype", "pk": 7, "fields": {"app_label": "accounts", "model": "profile"}}, {"model": "contenttypes.contenttype", "pk": 8, "fields": {"app_label": "items", "model": "producttype"}}, {"model": "contenttypes.contenttype", "pk": 9, "fields": {"app_label": "items", "model": "country"}}, {"model": "contenttypes.contenttype", "pk": 10, "fields": {"app_label": "items", "model": "color"}}, {"model": "contenttypes.contenttype", "pk": 11, "fields": {"app_label": "items", "model": "brand"}}, {"model": "contenttypes.contenttype", "pk": 12, "fields": {"app_label": "items", "model": "category"}}, {"model": "contenttypes.contenttype", "pk": 13, "fields": {"app_label": "items", "model": "prospect"}}, {"model": "contenttypes.contenttype", "pk": 14, "fields": {"app_label": "items", "model": "item"}}, {"model": "sessions.session", "pk": "4y1ebk2i42kvq3dt92wzbiep7e58ictj", "fields": {"session_data": "OTkwYWM2MDYxNGI1YTA4ZGNlOTQ4YzBmZWYyZTkxOGE5YjU2ZjMwMjp7Il9hdXRoX3VzZXJfaWQiOiIxIiwiX2F1dGhfdXNlcl9iYWNrZW5kIjoiZGphbmdvLmNvbnRyaWIuYXV0aC5iYWNrZW5kcy5Nb2RlbEJhY2tlbmQiLCJfYXV0aF91c2VyX2hhc2giOiIyMzRjMmE1YTY0MTQ4OTA5YTgzM2I5NTQzMTc0NzhlYTdiZTY0YWNlIn0=", "expire_date": "2018-07-12T02:46:06.358Z"}}, {"model": "accounts.myuser", "pk": 1, "fields": {"password": "pbkdf2_sha256$100000$CScZNHnH4Gqo$AVBHF8guf3TbnsGsKTE0/goosHsQZNvyCv3gbQ04Zv4=", "last_login": "2018-06-28T02:46:06.341Z", "username": "qkhan", "email": "qaisarjkhan@gmail.com", "phone": null, "is_active": true, "is_admin": true, "is_staff": true}}, {"model": "accounts.profile", "pk": 1, "fields": {"city": null}}, {"model": "items.producttype", "pk": 1, "fields": {"productType": "Accessories"}}, {"model": "items.producttype", "pk": 2, "fields": {"productType": "Shoes"}}, {"model": "items.producttype", "pk": 3, "fields": {"productType": "Clothing"}}, {"model": "items.category", "pk": 13, "fields": {"categoryName": "KAMEEZ SHALWAR", "productType": 3, "lookAndTrend": false, "featured": true}}, {"model": "items.category", "pk": 15, "fields": {"categoryName": "UNSTITCHED", "productType": 3, "lookAndTrend": false, "featured": false}}, {"model": "items.category", "pk": 17, "fields": {"categoryName": "FORMAL DRESS", "productType": 3, "lookAndTrend": true, "featured": false}}, {"model": "items.category", "pk": 19, "fields": {"categoryName": "SHIRT", "productType": 3, "lookAndTrend": false, "featured": true}}, {"model": "items.category", "pk": 20, "fields": {"categoryName": "FORMAL SHOES", "productType": 2, "lookAndTrend": true, "featured": false}}, {"model": "items.category", "pk": 21, "fields": {"categoryName": "CASUAL FOOTWEAR", "productType": 2, "lookAndTrend": true, "featured": false}}, {"model": "items.category", "pk": 22, "fields": {"categoryName": "FRAGRENCES", "productType": 1, "lookAndTrend": false, "featured": true}}, {"model": "items.brand", "pk": 1, "fields": {"brandName": "Khaadi"}}, {"model": "items.brand", "pk": 2, "fields": {"brandName": "Breeze"}}, {"model": "items.brand", "pk": 3, "fields": {"brandName": "Sana Safinaz"}}, {"model": "items.brand", "pk": 4, "fields": {"brandName": "Junaid Jumshed"}}, {"model": "items.brand", "pk": 5, "fields": {"brandName": "Giorgio Armani"}}, {"model": "items.brand", "pk": 6, "fields": {"brandName": "Undandy"}}, {"model": "items.brand", "pk": 7, "fields": {"brandName": "Adidas"}}, {"model": "items.brand", "pk": 8, "fields": {"brandName": "Maira Ahsan"}}, {"model": "items.brand", "pk": 9, "fields": {"brandName": "Gul Ahmad"}}, {"model": "items.brand", "pk": 10, "fields": {"brandName": "Zainab Chottani"}}, {"model": "items.brand", "pk": 11, "fields": {"brandName": "Unknown Brand"}}, {"model": "items.brand", "pk": 12, "fields": {"brandName": "Springfield"}}, {"model": "items.brand", "pk": 13, "fields": {"brandName": "Chanel"}}, {"model": "items.prospect", "pk": 1, "fields": {"prospect": "Kids"}}, {"model": "items.prospect", "pk": 2, "fields": {"prospect": "Ladies"}}, {"model": "items.prospect", "pk": 3, "fields": {"prospect": "Men"}}, {"model": "items.country", "pk": 1, "fields": {"country": "Australia"}}, {"model": "items.country", "pk": 2, "fields": {"country": "Pakistan"}}, {"model": "items.country", "pk": 3, "fields": {"country": "Canada"}}, {"model": "items.color", "pk": 2, "fields": {"color_name": "pink"}}, {"model": "items.color", "pk": 3, "fields": {"color_name": "yellow"}}, {"model": "items.color", "pk": 4, "fields": {"color_name": "purple"}}, {"model": "items.color", "pk": 5, "fields": {"color_name": "pink"}}, {"model": "items.color", "pk": 6, "fields": {"color_name": "green"}}, {"model": "items.color", "pk": 7, "fields": {"color_name": "blue"}}, {"model": "items.color", "pk": 8, "fields": {"color_name": "red"}}, {"model": "items.color", "pk": 9, "fields": {"color_name": "brown"}}, {"model": "items.color", "pk": 10, "fields": {"color_name": "black"}}, {"model": "items.color", "pk": 11, "fields": {"color_name": "purple"}}, {"model": "items.color", "pk": 12, "fields": {"color_name": "orange"}}, {"model": "items.color", "pk": 13, "fields": {"color_name": "gray"}}, {"model": "items.item", "pk": 2, "fields": {"categoryID": 13, "brandID": 4, "prospectID": 3, "countryID": 1, "added_by": 1, "last_edited_by": null, "slug": "jjks-a-36236s17jj5280", "sku": "J-01070703", "title": "JJKS-A-36236/S17/JJ5280", "price": "150.00", "size": "S,L", "weight": "11.00", "cartDesc": "Blue Kurta", "shortDesc": "<p>Semi-Formal Kurta For Men Stylized With Printed Collar And Placket.</p>", "materialAndCare": "<p>Pure Cotton</p>\r\n\r\n<p>&nbsp;</p>", "color": "7,10", "fitting": "<p>Slim Fit</p>", "longDesc": "<p>More Information</p>\r\n\r\n<p>Color: MID NIGHT BLUE</p>\r\n\r\n<p>Collection: Eid ul Fiter &nbsp;2018</p>\r\n\r\n<p>Fabric: CVC/Chief Value Cotton</p>\r\n\r\n<p>Product category: Men Kameez shalwar</p>\r\n\r\n<p>Fit Type: Regular</p>", "thumb_image": "items/1/1_HmDavzm.jpg", "image1": "items/1/1_EPDy3VS.jpg", "image2": "items/1/1_2wfvLn7.jpg", "image3": "items/1/1_JZ5y1or.jpg", "image4": "items/1/1_oXAGPui.jpg", "image5": "items/1/1_2zEKoK2.jpg", "image6": "items/1/1_oBCBC5p.jpg", "height_field": 1110, "width_field": 864, "stock": "0.00", "live": true, "itemLimited": true, "location": null, "featured": false, "active": true, "updated": "2018-06-30T01:26:08.267Z", "timestamp": "2018-06-30T01:26:08.267Z"}}, {"model": "items.item", "pk": 3, "fields": {"categoryID": 13, "brandID": 4, "prospectID": 3, "countryID": 1, "added_by": 1, "last_edited_by": null, "slug": "jjks-a-35242s17jj5282", "sku": "J-01070611", "title": "JJKS-A-35242/S17/JJ5282", "price": "145.00", "size": "S,XL", "weight": "12.00", "cartDesc": "Dark Brown Shalwar Kameez", "shortDesc": "<p>Casual Suit For Men Designed With Cut &amp; Sew Details On Collar, Placket &amp; Cuff Used Contrast Applique</p>", "materialAndCare": "<p>Pure Cotton</p>", "color": "4,9", "fitting": "<p>Slim Fit</p>", "longDesc": "<ul>\r\n\t<li><strong>Color:&nbsp;</strong>DARK BROWN</li>\r\n\t<li><strong>Collection:&nbsp;</strong>Eid ul Fiter Collection 2018</li>\r\n\t<li><strong>Fabric:&nbsp;</strong>CVC/Chief Value Cotton</li>\r\n\t<li><strong>Product category:&nbsp;</strong>Men Kameez shalwar</li>\r\n\t<li><strong>Fit Type:&nbsp;</strong>Smart</li>\r\n</ul>", "thumb_image": "items/3/3_140Br3J.jpg", "image1": "items/3/3_0ltqjuC.jpg", "image2": "items/3/3_UWxtChV.jpg", "image3": "items/3/3_YdQ7xug.jpg", "image4": "items/3/3_VNnPh8o.jpg", "image5": "items/3/3_tylweZv.jpg", "image6": "items/3/3_KoRLQ4A.jpg", "height_field": 1110, "width_field": 864, "stock": "4.00", "live": true, "itemLimited": false, "location": null, "featured": false, "active": true, "updated": "2018-06-30T01:31:32.958Z", "timestamp": "2018-06-30T01:31:32.958Z"}}, {"model": "items.item", "pk": 4, "fields": {"categoryID": 15, "brandID": 4, "prospectID": 3, "countryID": 1, "added_by": 1, "last_edited_by": null, "slug": "jjmk-classy-1150jj5319", "sku": "01071815-2MT-054", "title": "JJMK-CLASSY-1150/JJ5319", "price": "70.00", "size": "S,M,L,XL,XXL", "weight": "5.00", "cartDesc": "Blue Cotton Un-Stitched Piece", "shortDesc": null, "materialAndCare": "", "color": 7, "fitting": "", "longDesc": "<ul>\r\n\t<li>Size: 2.5 MTR</li>\r\n\t<li>Color: Blue</li>\r\n\t<li>Collection: Eid ul Fiter Collection 2018</li>\r\n\t<li>Fabric: Cotton</li>\r\n\t<li>Product category: Men Unstitched Fabric</li>\r\n</ul>", "thumb_image": "items/4/4_qL16Qtn.jpg", "image1": "items/4/4_ePZtXzZ.jpg", "image2": "items/4/4_ZvD2AuL.jpg", "image3": "items/4/4_S8bn6EG.jpg", "image4": "items/4/4_PRWPRgJ.jpg", "image5": "items/4/4_ggHTaDH.jpg", "image6": "items/4/4_5PbTO1t.jpg", "height_field": 1110, "width_field": 864, "stock": "5.00", "live": true, "itemLimited": false, "location": null, "featured": true, "active": true, "updated": "2018-06-30T01:44:45.432Z", "timestamp": "2018-06-30T01:44:45.432Z"}}, {"model": "items.item", "pk": 5, "fields": {"categoryID": 19, "brandID": 4, "prospectID": 3, "countryID": 1, "added_by": 1, "last_edited_by": null, "slug": "yellow-striped-shirt", "sku": "BRM-458", "title": "YELLOW STRIPED SHIRT", "price": "100.00", "size": "S,M,L,XL,XXL", "weight": "3.00", "cartDesc": "YELLOW STRIPED SHIRT", "shortDesc": "<p>This yellow stripe shirt features diamond weaved pattern on 100% cotton fabric .&nbsp;</p>", "materialAndCare": "<p>100% Cotton.</p>", "color": 13, "fitting": "<p>Slim Fit</p>", "longDesc": "<p>This yellow stripe shirt features diamond weaved pattern on 100% cotton fabric . Featuring contrasting collar ribbon, classic shallow collar &amp; front pocket. Idea for business wear.</p>", "thumb_image": "items/5/5_rUe90Oe.jpg", "image1": "items/5/5_6TymA9Q.jpg", "image2": "items/5/5_O70R8Sw.jpg", "image3": "items/5/5_p7kScGg.jpg", "image4": "items/5/5_hfVzuyZ.jpg", "image5": "items/5/5_iEj0omY.jpg", "image6": "items/5/5_FCDG9EK.jpg", "height_field": 2400, "width_field": 1800, "stock": "5.00", "live": true, "itemLimited": false, "location": null, "featured": false, "active": true, "updated": "2018-06-30T01:59:47.172Z", "timestamp": "2018-06-30T01:59:47.172Z"}}, {"model": "items.item", "pk": 6, "fields": {"categoryID": 22, "brandID": 5, "prospectID": 3, "countryID": 1, "added_by": 1, "last_edited_by": null, "slug": "giorgio-armani-code-colonia", "sku": "B01N9OJLD5", "title": "Giorgio Armani Code Colonia", "price": "158.70", "size": "NA", "weight": "10.00", "cartDesc": "Giorgio Armani Code Colonia 4.2 oz For Men", "shortDesc": "<p>Giorgio Armani For Men Giorgio Armani Code Colonia 4.2 oz</p>", "materialAndCare": "<p>Style Name:&nbsp;Giorgio Armani Code Colonia</p>\r\n\r\n<ul>\r\n\t<li>An aromatic fougere fragrance for men</li>\r\n\t<li>Fresh, spicy, sweet, elegant and inviting</li>\r\n\t<li>Top notes of bergamot, mandarin and pink pepper</li>\r\n</ul>", "color": 7, "fitting": "", "longDesc": "<p>In stock.</p>\r\n\r\n<p>Get it as soon as&nbsp;Thursday, July 5&nbsp;-&nbsp;Tuesday, July 10&nbsp;when you choose&nbsp;Standard Delivery&nbsp;at checkout.</p>\r\n\r\n<p>Ships from and sold by&nbsp;<a href=\"https://www.amazon.com.au/gp/help/seller/at-a-glance.html/ref=dp_merchant_link?ie=UTF8&amp;seller=A1N3JJ250RIZII\">Price Rite Mart</a>.</p>\r\n\r\n<ul>\r\n</ul>\r\n\r\n<ul>\r\n\t<li><strong>Product Dimensions:&nbsp;</strong>5.1 x 5.1 x 20.3 cm ; 454 g</li>\r\n\t<li><strong>Boxed-product Weight:</strong>&nbsp;422 g</li>\r\n\t<li><strong>Item Model Number:</strong>&nbsp;30-92420</li>\r\n\t<li><strong>ASIN:&nbsp;</strong>B01N9OJLD5</li>\r\n\t<li><strong>Date first available at Amazon.com.au:</strong>&nbsp;4 October 2017</li>\r\n\t<li><strong>Average Customer Review:</strong>&nbsp;<a href=\"https://www.amazon.com.au/review/create-review/ref=acr_dpproductdetail_solicit?ie=UTF8&amp;asin=B01N9OJLD5\">Be the first to review this item</a></li>\r\n</ul>", "thumb_image": "items/7/7_SwvtTke.jpg", "image1": "items/7/7_cj0bqba.jpg", "image2": "items/7/7_iHb3ETQ.jpg", "image3": "items/6/6_PFq3KaO.jpg", "image4": "items/7/7_sas5d6c.jpg", "image5": "items/7/7_scO71IF.jpg", "image6": "items/7/7_up7gmjB.jpg", "height_field": 1500, "width_field": 422, "stock": "3.00", "live": true, "itemLimited": false, "location": null, "featured": false, "active": true, "updated": "2018-06-30T02:25:00.235Z", "timestamp": "2018-06-30T02:20:15.715Z"}}, {"model": "items.item", "pk": 7, "fields": {"categoryID": 20, "brandID": 6, "prospectID": 3, "countryID": 1, "added_by": 1, "last_edited_by": null, "slug": "15-by-james", "sku": "112211", "title": "15 by James", "price": "200.00", "size": "S,M,L,XL", "weight": "12.00", "cartDesc": "15 by James", "shortDesc": "<p>Shaken not stirred, the 15 by James is the perfect style to make a considerable impression. The sleek glossy patent-leather with grey linings is a refined touch.</p>", "materialAndCare": "<ul>\r\n\t<li>Leather</li>\r\n</ul>", "color": 10, "fitting": "", "longDesc": "<p>Shaken not stirred, the 15 by James is the perfect style to make a considerable impression. The sleek glossy patent-leather with grey linings is a refined touch&nbsp;to a formal outfit. Teamed with a classic tuxedo, they&#39;re guaranteed to add gravitas to your look.&nbsp;<br />\r\n<br />\r\nWith a classic fit and elegant long vamp, our &#39;15&#39; last will add just the right amount of Italian flair to your look. Handcrafted with care in Portugal.</p>", "thumb_image": "items/7/7_KvzsN5n.jpg", "image1": "items/7/7_TPQmgAa.jpg", "image2": "items/7/7_XrNXukR.jpg", "image3": "items/7/7_bxXHr2T.jpg", "image4": "items/7/7_8lGk5Gg.jpg", "image5": "items/7/7_uxeUrAl.jpg", "image6": "items/7/7_faipWmG.jpg", "height_field": 1200, "width_field": 1200, "stock": "10.00", "live": true, "itemLimited": false, "location": null, "featured": false, "active": true, "updated": "2018-06-30T02:39:31.703Z", "timestamp": "2018-06-30T02:39:31.704Z"}}, {"model": "items.item", "pk": 8, "fields": {"categoryID": 21, "brandID": 7, "prospectID": 3, "countryID": 1, "added_by": 1, "last_edited_by": null, "slug": "adidas-originals-by-alexander-wang", "sku": "AQ1237", "title": "ADIDAS ORIGINALS BY ALEXANDER WANG", "price": "354.00", "size": "S,M,L,XL,XXL", "weight": "10.00", "cartDesc": "ADIDAS ORIGINALS BY ALEXANDER WANG", "shortDesc": null, "materialAndCare": "<p>Designer Style ID:&nbsp;AQ1237</p>\r\n\r\n<p>Colour:&nbsp;BLACK CHALK WHITE BOLD ORANGE</p>", "color": 10, "fitting": "<p>Lining Composition:&nbsp;leather 100%</p>\r\n\r\n<p>Outer Composition: leather 100%</p>\r\n\r\n<p>Sole Composition:&nbsp;rubber 100%</p>\r\n\r\n<p>Outer Composition:&nbsp;suede 100%</p>\r\n\r\n<p>Outer Composition:&nbsp;nylon 100%</p>\r\n\r\n<p>Lining Composition:&nbsp;nylon 100%</p>", "longDesc": "<p>ADIDAS ORIGINALS BY ALEXANDER WANG</p>\r\n\r\n<p>Revamp your streetwear style with iconic pieces from Adidas Originals by Alexander Wang.</p>\r\n\r\n<p>The wang drop 3 unisex edit features in-out styles, all-over logo print and neutral colour palette.</p>\r\n\r\n<p>Sleek clothing designs and statement footwear give the perfect sport luxe balance to this collection.</p>\r\n\r\n<p>Discover our selection of&nbsp;<a href=\"https://www.farfetch.com/au/shopping/men/designer-adidas-by-raf-simons/shoes-2/items.aspx\">Adidas by Raf Simons shoes&nbsp;</a>as well.</p>", "thumb_image": "items/8/8_0sNbN3B.jpg", "image1": "items/8/8_Ijpkeku.jpg", "image2": "items/8/8_DEnKXGW.jpg", "image3": "items/8/8_D4jAGxv.jpg", "image4": "items/8/8_8SJYSAR.jpg", "image5": "items/8/8_BEXW2Ec.jpg", "image6": "items/8/8_FPemoaN.jpg", "height_field": 640, "width_field": 480, "stock": "15.00", "live": true, "itemLimited": false, "location": null, "featured": false, "active": true, "updated": "2018-06-30T02:49:41.267Z", "timestamp": "2018-06-30T02:49:41.267Z"}}, {"model": "items.item", "pk": 9, "fields": {"categoryID": 15, "brandID": 8, "prospectID": 2, "countryID": 1, "added_by": 1, "last_edited_by": null, "slug": "maira-ahsan-embroidered-lawn-unstitched", "sku": null, "title": "Maira Ahsan Embroidered Lawn Unstitched", "price": "110.00", "size": "NA", "weight": "5.00", "cartDesc": "Maira Ahsan Embroidered Lawn Unstitched 3 Piece Suit", "shortDesc": "<p>Maira Ahsan Embroidered Lawn Unstitched 3 Piece Suit MA18-L3 1A - Eid Collection</p>", "materialAndCare": "<p><strong>3 Piece Embroidered Lawn Suit</strong></p>\r\n\r\n<ul>\r\n\t<li>Shirt Front 1.25 Meter Embroidered</li>\r\n\t<li>Shirt Back 1.25 Meter Embroidered</li>\r\n\t<li>Sleeves 0.5 Meter Embroidered</li>\r\n\t<li>Trouser 2.5 Meter</li>\r\n\t<li>Digital Chiffon Dupatta 2.5 Meter</li>\r\n</ul>", "color": 2, "fitting": "<p>Size Chart</p>\r\n\r\n<p>3 Piece Embroidered Unstitched Suits from Maira Ahsan Exclusive Designer Collection Vol</p>\r\n\r\n<ul>\r\n\t<li><strong>Manufacturer:</strong>&nbsp;Maira Ahsan</li>\r\n\t<li><strong>Material:</strong>&nbsp;Lawn</li>\r\n\t<li><strong>Catalog:</strong>&nbsp;Maira Ahsan Exclusive Designer Collection Vol-3 2018</li>\r\n</ul>", "longDesc": "", "thumb_image": "items/9/9.jpg", "image1": "items/9/9_AAB94bm.jpg", "image2": "items/9/9_K0ondQU.jpg", "image3": "items/9/9_4O1mgXq.jpg", "image4": "items/9/9_ZNB7wkU.jpg", "image5": "items/9/9_GOM7QUn.jpg", "image6": "items/9/9_rgORNC6.jpg", "height_field": 487, "width_field": 350, "stock": "3.00", "live": true, "itemLimited": false, "location": null, "featured": false, "active": true, "updated": "2018-07-02T06:58:46.510Z", "timestamp": "2018-06-30T02:58:35.232Z"}}, {"model": "items.item", "pk": 10, "fields": {"categoryID": 19, "brandID": 9, "prospectID": 2, "countryID": 1, "added_by": 1, "last_edited_by": null, "slug": "gulahmed-turquoise-springsummer-2017", "sku": "CT # 200-136124", "title": "GulAhmed Turquoise Spring/Summer 2017", "price": "200.00", "size": "S,M,L", "weight": "5.00", "cartDesc": "GulAhmed Turquoise Spring/Summer 2017", "shortDesc": "<p>GulAhmed Turquoise Spring/Summer 2017 Collection Printed Chantilly De Lace Suit - CT # 200-136124</p>", "materialAndCare": "<p>Features:</p>\r\n\r\n<p>Colour: Turquoise</p>\r\n\r\n<p>Material: Printed Chantilly De Lace</p>\r\n\r\n<p>Fabric Measurements: &nbsp;Embroidered</p>\r\n\r\n<p>Chiffon Dupatta</p>\r\n\r\n<ul>\r\n\t<li>2.5 meters</li>\r\n</ul>\r\n\r\n<p>Printed Shirt</p>\r\n\r\n<ul>\r\n\t<li>2.5 meters</li>\r\n</ul>\r\n\r\n<p>Sleeves</p>\r\n\r\n<ul>\r\n\t<li>0.65 meters</li>\r\n</ul>\r\n\r\n<p>Dyed Bottom</p>\r\n\r\n<ul>\r\n\t<li>2.5 meters</li>\r\n</ul>\r\n\r\n<p>3 Piece Suit</p>\r\n\r\n<p>Collection name: Premium Collection</p>", "color": 7, "fitting": "", "longDesc": "<p>GeneralBrandGulAhmed<br />\r\nReturnYes<br />\r\nExchangeYes<br />\r\nSKUWOFGUL59ACCFFC99E5A<br />\r\nVendorGULAHMED TEXTILES MILLS LIMITEDFeaturesWeight0.6500</p>", "thumb_image": "items/11/11.jpg", "image1": "items/11/11_IlwpqSh.jpg", "image2": "items/11/11_Qs9tDrb.jpg", "image3": "items/11/11_0YF1kwu.jpg", "image4": "items/11/11_vyDpx21.jpg", "image5": "items/11/11_4vvcwaP.jpg", "image6": "items/11/11_6UrbgXq.jpg", "height_field": 400, "width_field": 400, "stock": "0.00", "live": false, "itemLimited": false, "location": null, "featured": false, "active": true, "updated": "2018-07-02T06:28:24.524Z", "timestamp": "2018-06-30T03:06:20.098Z"}}, {"model": "items.item", "pk": 11, "fields": {"categoryID": 13, "brandID": 4, "prospectID": 2, "countryID": 1, "added_by": 1, "last_edited_by": null, "slug": "jjpw-a-aj-ls-064", "sku": "J-02038068", "title": "JJPW-A-AJ-LS-064", "price": "230.00", "size": "M,L", "weight": "22.00", "cartDesc": "J-02038068", "shortDesc": null, "materialAndCare": "", "color": 9, "fitting": "<p>Slim Fit</p>", "longDesc": "<ul>\r\n\t<li>Color: Blue, Pink, Red</li>\r\n\t<li>Pieces: 3 Piece</li>\r\n\t<li>Collection&#39;&#39;: Eid ul Fiter Collection 2018</li>\r\n\t<li>Fabric: Viscose</li>\r\n\t<li>Product category: Ladies Pret</li>\r\n</ul>", "thumb_image": "items/11/11_ZCfpv5l.jpg", "image1": "items/11/11_c8VOtow.jpg", "image2": "items/11/11_KKZCiKp.jpg", "image3": "items/11/11_XjRNwJZ.jpg", "image4": "items/11/11_FScBV7U.jpg", "image5": "items/11/11_0AI3xkA.jpg", "image6": "items/11/11_RKtXO3B.jpg", "height_field": 1130, "width_field": 880, "stock": "22.00", "live": true, "itemLimited": false, "location": null, "featured": true, "active": true, "updated": "2018-07-02T05:59:52.510Z", "timestamp": "2018-06-30T03:21:00.427Z"}}, {"model": "items.item", "pk": 12, "fields": {"categoryID": 17, "brandID": 10, "prospectID": 2, "countryID": 1, "added_by": 1, "last_edited_by": null, "slug": "black-fantasy", "sku": "150054", "title": "BLACK FANTASY", "price": "230.00", "size": "S,M,L", "weight": "22.00", "cartDesc": "BLACK FANTASY", "shortDesc": null, "materialAndCare": "<p>Dry clean only. Please read care label for detailed instructions.</p>", "color": 6, "fitting": "", "longDesc": "<p>Decorated with mesmerizing antique gold kora dabka and zardozi embellished neckline border and sleeves, our black embroidered angarkha will add glamour to your style.</p>\r\n\r\n<p>*Actual colors of the outfit may vary from the colors being displayed on your device.</p>", "thumb_image": "items/12/12.jpeg", "image1": "items/12/12_CM9AYC3.jpeg", "image2": "items/12/12_700oapz.jpeg", "image3": "items/12/12_WH3iDtx.jpeg", "image4": "items/12/12_sCKYOG6.jpeg", "image5": "items/12/12_nowBBbW.jpeg", "image6": "items/12/12_MJwsWkE.jpeg", "height_field": 500, "width_field": 370, "stock": "0.00", "live": true, "itemLimited": false, "location": null, "featured": false, "active": true, "updated": "2018-06-30T03:35:00.127Z", "timestamp": "2018-06-30T03:35:00.127Z"}}, {"model": "items.item", "pk": 13, "fields": {"categoryID": 20, "brandID": 11, "prospectID": 2, "countryID": 1, "added_by": 1, "last_edited_by": null, "slug": "bridal-sandal", "sku": "0213-2-1733", "title": "BRIDAL SANDAL", "price": "400.00", "size": "S,M,L", "weight": "22.00", "cartDesc": "Bridal Sandals \u2013 Bridal Shoes", "shortDesc": "<p>Material/Type:&nbsp;Fancy rain shine bedded</p>\r\n\r\n<p>Heel: 4&rdquo;</p>", "materialAndCare": "<p>Fancy rain shine bedded</p>", "color": "8,10", "fitting": "<p>Heel: 4&rdquo;</p>", "longDesc": "<p><strong>Bridal Sandals &ndash; Bridal Shoes</strong></p>\r\n\r\n<p><strong>Bridal Sandals (Bridal Shoes)<u>: Ladies shoes in Pakistan:</u></strong>&nbsp;Shoes can be categorized as an item of fashion, styling, comfort, and safety. &nbsp;The design of a good shoe pair, slippers or sandals may differ as per culture, function, setting, and occasion. Fashion plays its part in terms of heels, straps and general styling. Shoes have evolved significantly and the conventional materials used now have many additions which include but not limited to as plastic and rubber, our&nbsp;<strong>ladies shoes in Pakistan</strong>&nbsp;can gratify this statement. We at&nbsp;<strong>English Boot House</strong>&nbsp;have something in all ranges and something that goes well with any attire. We are a one-stop shoe and leather accessories shop for you and your family.</p>\r\n\r\n<p>Our commencement was back in 1947 and being the predecessors of the shoe market has given us a leverage to entertain and maintain a wide variety of customers over time and provide the finest&nbsp;<strong>Pakistani shoes</strong>&nbsp;and&nbsp;<strong>Karachi shoes</strong>. Our strong foundation and familiarity with the field help us bring out the best of the best for our loyal and potential customers. Ladies have a strong inclination towards the right footwear and their shoes and our offerings include<strong>&nbsp;Ladies shoes in Pakistan, Ladies slippers in Pakistan, Ladies sandals in Pakistan</strong>&nbsp;and&nbsp;<strong>bridal shoes in Pakistan</strong>. We are proud of our heritage and if you&rsquo;re looking for the finest&nbsp;<strong>Karachi shoes&nbsp;</strong>and&nbsp;<strong>Pakistani shoes</strong>; look no further.</p>\r\n\r\n<p><strong>Ladies Shoes in Pakistan</strong></p>\r\n\r\n<p><strong>Bridal Sandal (bridal shoes):</strong>&nbsp;Marriages hold a lot of magnitudes religiously, culturally and on an individual level.&nbsp; We offer comfortable, fancy and trendy shoes for your big day. Our motto is to prioritize on quality and comfort, so you can wear the shoes for a considerable amount of time. Our shoes are elegant, classy and economical so they look good and feel great. Just a few clicks and your shoes would be at your doorstep. So if you are about to walk the aisle or have to attend any event or occasion these shoes are meant for you.</p>", "thumb_image": "items/13/13.jpg", "image1": "items/13/13_ehakuZG.jpg", "image2": "items/13/13_f5HN5ab.jpg", "image3": "items/13/13_ZD6C8nH.jpg", "image4": "items/13/13_02cH9LF.jpg", "image5": "items/13/13_bsd3iZq.jpg", "image6": "items/13/13_gNfTPLG.jpg", "height_field": 800, "width_field": 600, "stock": "0.00", "live": true, "itemLimited": false, "location": null, "featured": false, "active": true, "updated": "2018-06-30T03:45:19.090Z", "timestamp": "2018-06-30T03:44:49.804Z"}}, {"model": "items.item", "pk": 14, "fields": {"categoryID": 21, "brandID": 12, "prospectID": 2, "countryID": 1, "added_by": 1, "last_edited_by": null, "slug": "summers-and-flowers", "sku": "11222", "title": "Summers and flowers", "price": "300.00", "size": "S,M,L,XL", "weight": "22.00", "cartDesc": "Summers and flowers - Pink Shoes", "shortDesc": null, "materialAndCare": "", "color": 2, "fitting": "<p>Shoe Size</p>\r\n\r\n<p>Euro 36 (23cm), Euro 37 (23.5 cm), Euro 38 (24 cm), Euro 39 (24.5 cm), Euro 40 (25 cm), Euro 41 (26 cm), Euro 42 (26.5 cm), Euro 43 (27 cm)</p>", "longDesc": "<p>Summers and flowers. The best thing about summers is these bright blossoms. JuttiChoo has imprinted these summers blossoms on their Punjabi Juttis.&nbsp;These bright and bloomy floral designs will nourish your summer soul.&nbsp;And with the vibrant-versatile design, these pretty summer blooms will go with every single piece in your summer wardrobe. Stock on this irresistible floral collection. After all, Flowers are second most beautiful creation after women!</p>\r\n\r\n<p>&nbsp;</p>", "thumb_image": "items/14/14.jpg", "image1": "items/14/14_3t8DyIq.jpg", "image2": "items/14/14_Sbm3L7I.jpg", "image3": "items/14/14_iGUYttx.jpg", "image4": "items/14/14_aqKXHJO.jpg", "image5": "items/14/14_emKIwmp.jpg", "image6": "items/14/14_9wB8x7A.jpg", "height_field": 600, "width_field": 600, "stock": "0.00", "live": false, "itemLimited": false, "location": null, "featured": false, "active": true, "updated": "2018-06-30T03:52:04.609Z", "timestamp": "2018-06-30T03:52:04.609Z"}}, {"model": "items.item", "pk": 15, "fields": {"categoryID": 22, "brandID": 13, "prospectID": 2, "countryID": 1, "added_by": 1, "last_edited_by": null, "slug": "chanel-eau-de-parfum", "sku": "000111222", "title": "Chanel - Eau de Parfum", "price": "235.00", "size": "NA", "weight": "32.00", "cartDesc": "Chanel - Eau de Parfum", "shortDesc": null, "materialAndCare": "", "color": 7, "fitting": "", "longDesc": "<p>Bleu de Chanel is a sophisticated and contemporary fragrance from Chanel that hit the market in 2010. Chanel introduces its enhanced version, Bleu de Chanel Eau de Parfum, in summer of 2014. The fragrance is dedicated to freedom&mdash;endless, deep and boundless.<br />\r\n<br />\r\nThe woody-aromatic composition created by Jacques Polge follows the original path but goes down into a sensual and oriental amber territory. Wood maintains the freshness of the original in this variant, enriched with depth and velvet amber woods.<br />\r\n<br />\r\nThe fragrance is available as 50 and 100 ml Eau de Parfum.</p>", "thumb_image": "items/15/15.jpg", "image1": "items/15/15_iyLVhLB.jpg", "image2": "items/15/15_0675dnQ.jpg", "image3": "items/15/15_Fwu4wP2.jpg", "image4": "items/15/15_K46qigE.jpg", "image5": "items/15/15_mwPhwWn.jpg", "image6": "items/15/15_ou270LE.jpg", "height_field": 240, "width_field": 210, "stock": "0.00", "live": false, "itemLimited": false, "location": null, "featured": false, "active": true, "updated": "2018-06-30T03:57:16.363Z", "timestamp": "2018-06-30T03:57:16.363Z"}}, {"model": "auth.permission", "pk": 1, "fields": {"name": "Can add log entry", "content_type": 1, "codename": "add_logentry"}}, {"model": "auth.permission", "pk": 2, "fields": {"name": "Can change log entry", "content_type": 1, "codename": "change_logentry"}}, {"model": "auth.permission", "pk": 3, "fields": {"name": "Can delete log entry", "content_type": 1, "codename": "delete_logentry"}}, {"model": "auth.permission", "pk": 4, "fields": {"name": "Can add group", "content_type": 2, "codename": "add_group"}}, {"model": "auth.permission", "pk": 5, "fields": {"name": "Can change group", "content_type": 2, "codename": "change_group"}}, {"model": "auth.permission", "pk": 6, "fields": {"name": "Can delete group", "content_type": 2, "codename": "delete_group"}}, {"model": "auth.permission", "pk": 7, "fields": {"name": "Can add permission", "content_type": 3, "codename": "add_permission"}}, {"model": "auth.permission", "pk": 8, "fields": {"name": "Can change permission", "content_type": 3, "codename": "change_permission"}}, {"model": "auth.permission", "pk": 9, "fields": {"name": "Can delete permission", "content_type": 3, "codename": "delete_permission"}}, {"model": "auth.permission", "pk": 10, "fields": {"name": "Can add content type", "content_type": 4, "codename": "add_contenttype"}}, {"model": "auth.permission", "pk": 11, "fields": {"name": "Can change content type", "content_type": 4, "codename": "change_contenttype"}}, {"model": "auth.permission", "pk": 12, "fields": {"name": "Can delete content type", "content_type": 4, "codename": "delete_contenttype"}}, {"model": "auth.permission", "pk": 13, "fields": {"name": "Can add session", "content_type": 5, "codename": "add_session"}}, {"model": "auth.permission", "pk": 14, "fields": {"name": "Can change session", "content_type": 5, "codename": "change_session"}}, {"model": "auth.permission", "pk": 15, "fields": {"name": "Can delete session", "content_type": 5, "codename": "delete_session"}}, {"model": "auth.permission", "pk": 16, "fields": {"name": "Can add my user", "content_type": 6, "codename": "add_myuser"}}, {"model": "auth.permission", "pk": 17, "fields": {"name": "Can change my user", "content_type": 6, "codename": "change_myuser"}}, {"model": "auth.permission", "pk": 18, "fields": {"name": "Can delete my user", "content_type": 6, "codename": "delete_myuser"}}, {"model": "auth.permission", "pk": 19, "fields": {"name": "Can add profile", "content_type": 7, "codename": "add_profile"}}, {"model": "auth.permission", "pk": 20, "fields": {"name": "Can change profile", "content_type": 7, "codename": "change_profile"}}, {"model": "auth.permission", "pk": 21, "fields": {"name": "Can delete profile", "content_type": 7, "codename": "delete_profile"}}, {"model": "auth.permission", "pk": 22, "fields": {"name": "Can add product type", "content_type": 8, "codename": "add_producttype"}}, {"model": "auth.permission", "pk": 23, "fields": {"name": "Can change product type", "content_type": 8, "codename": "change_producttype"}}, {"model": "auth.permission", "pk": 24, "fields": {"name": "Can delete product type", "content_type": 8, "codename": "delete_producttype"}}, {"model": "auth.permission", "pk": 25, "fields": {"name": "Can add country", "content_type": 9, "codename": "add_country"}}, {"model": "auth.permission", "pk": 26, "fields": {"name": "Can change country", "content_type": 9, "codename": "change_country"}}, {"model": "auth.permission", "pk": 27, "fields": {"name": "Can delete country", "content_type": 9, "codename": "delete_country"}}, {"model": "auth.permission", "pk": 28, "fields": {"name": "Can add color", "content_type": 10, "codename": "add_color"}}, {"model": "auth.permission", "pk": 29, "fields": {"name": "Can change color", "content_type": 10, "codename": "change_color"}}, {"model": "auth.permission", "pk": 30, "fields": {"name": "Can delete color", "content_type": 10, "codename": "delete_color"}}, {"model": "auth.permission", "pk": 31, "fields": {"name": "Can add brand", "content_type": 11, "codename": "add_brand"}}, {"model": "auth.permission", "pk": 32, "fields": {"name": "Can change brand", "content_type": 11, "codename": "change_brand"}}, {"model": "auth.permission", "pk": 33, "fields": {"name": "Can delete brand", "content_type": 11, "codename": "delete_brand"}}, {"model": "auth.permission", "pk": 34, "fields": {"name": "Can add category", "content_type": 12, "codename": "add_category"}}, {"model": "auth.permission", "pk": 35, "fields": {"name": "Can change category", "content_type": 12, "codename": "change_category"}}, {"model": "auth.permission", "pk": 36, "fields": {"name": "Can delete category", "content_type": 12, "codename": "delete_category"}}, {"model": "auth.permission", "pk": 37, "fields": {"name": "Can add prospect", "content_type": 13, "codename": "add_prospect"}}, {"model": "auth.permission", "pk": 38, "fields": {"name": "Can change prospect", "content_type": 13, "codename": "change_prospect"}}, {"model": "auth.permission", "pk": 39, "fields": {"name": "Can delete prospect", "content_type": 13, "codename": "delete_prospect"}}, {"model": "auth.permission", "pk": 40, "fields": {"name": "Can add item", "content_type": 14, "codename": "add_item"}}, {"model": "auth.permission", "pk": 41, "fields": {"name": "Can change item", "content_type": 14, "codename": "change_item"}}, {"model": "auth.permission", "pk": 42, "fields": {"name": "Can delete item", "content_type": 14, "codename": "delete_item"}}, {"model": "admin.logentry", "pk": 1, "fields": {"action_time": "2018-06-28T02:46:19.223Z", "user": 1, "content_type": 11, "object_id": "1", "object_repr": "Khaadi", "action_flag": 1, "change_message": "[{\"added\": {}}]"}}, {"model": "admin.logentry", "pk": 2, "fields": {"action_time": "2018-06-28T02:46:24.840Z", "user": 1, "content_type": 11, "object_id": "2", "object_repr": "Breeze", "action_flag": 1, "change_message": "[{\"added\": {}}]"}}, {"model": "admin.logentry", "pk": 3, "fields": {"action_time": "2018-06-28T02:46:34.508Z", "user": 1, "content_type": 11, "object_id": "3", "object_repr": "Sana Safinaz", "action_flag": 1, "change_message": "[{\"added\": {}}]"}}, {"model": "admin.logentry", "pk": 4, "fields": {"action_time": "2018-06-28T02:47:08.010Z", "user": 1, "content_type": 8, "object_id": "1", "object_repr": "Accessories", "action_flag": 1, "change_message": "[{\"added\": {}}]"}}, {"model": "admin.logentry", "pk": 5, "fields": {"action_time": "2018-06-28T02:47:12.274Z", "user": 1, "content_type": 8, "object_id": "2", "object_repr": "Shoes", "action_flag": 1, "change_message": "[{\"added\": {}}]"}}, {"model": "admin.logentry", "pk": 6, "fields": {"action_time": "2018-06-28T02:47:18.963Z", "user": 1, "content_type": 8, "object_id": "3", "object_repr": "Clothing", "action_flag": 1, "change_message": "[{\"added\": {}}]"}}, {"model": "admin.logentry", "pk": 7, "fields": {"action_time": "2018-06-28T02:47:34.914Z", "user": 1, "content_type": 13, "object_id": "1", "object_repr": "Kids", "action_flag": 1, "change_message": "[{\"added\": {}}]"}}, {"model": "admin.logentry", "pk": 8, "fields": {"action_time": "2018-06-28T02:47:41.759Z", "user": 1, "content_type": 13, "object_id": "2", "object_repr": "Ladies", "action_flag": 1, "change_message": "[{\"added\": {}}]"}}, {"model": "admin.logentry", "pk": 9, "fields": {"action_time": "2018-06-28T02:47:46.221Z", "user": 1, "content_type": 13, "object_id": "3", "object_repr": "Men", "action_flag": 1, "change_message": "[{\"added\": {}}]"}}, {"model": "admin.logentry", "pk": 10, "fields": {"action_time": "2018-06-28T02:48:10.114Z", "user": 1, "content_type": 9, "object_id": "1", "object_repr": "Australia", "action_flag": 1, "change_message": "[{\"added\": {}}]"}}, {"model": "admin.logentry", "pk": 11, "fields": {"action_time": "2018-06-28T02:48:14.972Z", "user": 1, "content_type": 9, "object_id": "2", "object_repr": "Pakistan", "action_flag": 1, "change_message": "[{\"added\": {}}]"}}, {"model": "admin.logentry", "pk": 12, "fields": {"action_time": "2018-06-28T02:48:18.641Z", "user": 1, "content_type": 9, "object_id": "3", "object_repr": "Canada", "action_flag": 1, "change_message": "[{\"added\": {}}]"}}, {"model": "admin.logentry", "pk": 13, "fields": {"action_time": "2018-06-28T02:48:31.264Z", "user": 1, "content_type": 10, "object_id": "1", "object_repr": "Brown", "action_flag": 1, "change_message": "[{\"added\": {}}]"}}, {"model": "admin.logentry", "pk": 14, "fields": {"action_time": "2018-06-28T02:48:35.851Z", "user": 1, "content_type": 10, "object_id": "2", "object_repr": "Pink", "action_flag": 1, "change_message": "[{\"added\": {}}]"}}, {"model": "admin.logentry", "pk": 15, "fields": {"action_time": "2018-06-28T02:48:40.481Z", "user": 1, "content_type": 10, "object_id": "3", "object_repr": "Yellow", "action_flag": 1, "change_message": "[{\"added\": {}}]"}}, {"model": "admin.logentry", "pk": 16, "fields": {"action_time": "2018-06-28T02:48:46.567Z", "user": 1, "content_type": 10, "object_id": "4", "object_repr": "Purples", "action_flag": 1, "change_message": "[{\"added\": {}}]"}}, {"model": "admin.logentry", "pk": 17, "fields": {"action_time": "2018-06-28T02:48:52.880Z", "user": 1, "content_type": 10, "object_id": "5", "object_repr": "Pink", "action_flag": 1, "change_message": "[{\"added\": {}}]"}}, {"model": "admin.logentry", "pk": 18, "fields": {"action_time": "2018-06-28T02:48:57.888Z", "user": 1, "content_type": 10, "object_id": "6", "object_repr": "Green", "action_flag": 1, "change_message": "[{\"added\": {}}]"}}, {"model": "admin.logentry", "pk": 19, "fields": {"action_time": "2018-06-28T02:49:01.987Z", "user": 1, "content_type": 10, "object_id": "7", "object_repr": "Blue", "action_flag": 1, "change_message": "[{\"added\": {}}]"}}, {"model": "admin.logentry", "pk": 20, "fields": {"action_time": "2018-06-28T02:49:06.713Z", "user": 1, "content_type": 10, "object_id": "8", "object_repr": "Red", "action_flag": 1, "change_message": "[{\"added\": {}}]"}}, {"model": "admin.logentry", "pk": 21, "fields": {"action_time": "2018-06-28T02:49:21.242Z", "user": 1, "content_type": 10, "object_id": "9", "object_repr": "Brown", "action_flag": 1, "change_message": "[{\"added\": {}}]"}}, {"model": "admin.logentry", "pk": 22, "fields": {"action_time": "2018-06-28T02:50:18.009Z", "user": 1, "content_type": 12, "object_id": "1", "object_repr": "Head Phones", "action_flag": 1, "change_message": "[{\"added\": {}}]"}}, {"model": "admin.logentry", "pk": 23, "fields": {"action_time": "2018-06-28T02:50:27.123Z", "user": 1, "content_type": 12, "object_id": "2", "object_repr": "Ipad", "action_flag": 1, "change_message": "[{\"added\": {}}]"}}, {"model": "admin.logentry", "pk": 24, "fields": {"action_time": "2018-06-28T02:50:39.486Z", "user": 1, "content_type": 12, "object_id": "3", "object_repr": "Android Tablet", "action_flag": 1, "change_message": "[{\"added\": {}}]"}}, {"model": "admin.logentry", "pk": 25, "fields": {"action_time": "2018-06-28T02:50:48.030Z", "user": 1, "content_type": 12, "object_id": "4", "object_repr": "Iphone", "action_flag": 1, "change_message": "[{\"added\": {}}]"}}, {"model": "admin.logentry", "pk": 26, "fields": {"action_time": "2018-06-28T02:50:59.576Z", "user": 1, "content_type": 12, "object_id": "5", "object_repr": "Casual", "action_flag": 1, "change_message": "[{\"added\": {}}]"}}, {"model": "admin.logentry", "pk": 27, "fields": {"action_time": "2018-06-28T02:51:13.936Z", "user": 1, "content_type": 12, "object_id": "6", "object_repr": "Hiking Shoes", "action_flag": 1, "change_message": "[{\"added\": {}}]"}}, {"model": "admin.logentry", "pk": 28, "fields": {"action_time": "2018-06-28T02:51:22.786Z", "user": 1, "content_type": 12, "object_id": "7", "object_repr": "Sandal", "action_flag": 1, "change_message": "[{\"added\": {}}]"}}, {"model": "admin.logentry", "pk": 29, "fields": {"action_time": "2018-06-28T02:51:32.845Z", "user": 1, "content_type": 12, "object_id": "8", "object_repr": "Trainers", "action_flag": 1, "change_message": "[{\"added\": {}}]"}}, {"model": "admin.logentry", "pk": 30, "fields": {"action_time": "2018-06-28T02:51:45.538Z", "user": 1, "content_type": 12, "object_id": "9", "object_repr": "T-Shirt", "action_flag": 1, "change_message": "[{\"added\": {}}]"}}, {"model": "admin.logentry", "pk": 31, "fields": {"action_time": "2018-06-28T02:51:53.385Z", "user": 1, "content_type": 12, "object_id": "10", "object_repr": "Shirt", "action_flag": 1, "change_message": "[{\"added\": {}}]"}}, {"model": "admin.logentry", "pk": 32, "fields": {"action_time": "2018-06-28T02:52:03.135Z", "user": 1, "content_type": 12, "object_id": "11", "object_repr": "Designer Dress", "action_flag": 1, "change_message": "[{\"added\": {}}]"}}, {"model": "admin.logentry", "pk": 33, "fields": {"action_time": "2018-06-28T02:59:19.740Z", "user": 1, "content_type": 10, "object_id": "9", "object_repr": "brown", "action_flag": 2, "change_message": "[{\"changed\": {\"fields\": [\"color_name\"]}}]"}}, {"model": "admin.logentry", "pk": 34, "fields": {"action_time": "2018-06-28T02:59:27.746Z", "user": 1, "content_type": 10, "object_id": "8", "object_repr": "red", "action_flag": 2, "change_message": "[{\"changed\": {\"fields\": [\"color_name\"]}}]"}}, {"model": "admin.logentry", "pk": 35, "fields": {"action_time": "2018-06-28T02:59:33.773Z", "user": 1, "content_type": 10, "object_id": "7", "object_repr": "blue", "action_flag": 2, "change_message": "[{\"changed\": {\"fields\": [\"color_name\"]}}]"}}, {"model": "admin.logentry", "pk": 36, "fields": {"action_time": "2018-06-28T02:59:39.596Z", "user": 1, "content_type": 10, "object_id": "6", "object_repr": "green", "action_flag": 2, "change_message": "[{\"changed\": {\"fields\": [\"color_name\"]}}]"}}, {"model": "admin.logentry", "pk": 37, "fields": {"action_time": "2018-06-28T02:59:46.401Z", "user": 1, "content_type": 10, "object_id": "5", "object_repr": "pink", "action_flag": 2, "change_message": "[{\"changed\": {\"fields\": [\"color_name\"]}}]"}}, {"model": "admin.logentry", "pk": 38, "fields": {"action_time": "2018-06-28T02:59:54.076Z", "user": 1, "content_type": 10, "object_id": "4", "object_repr": "purple", "action_flag": 2, "change_message": "[{\"changed\": {\"fields\": [\"color_name\"]}}]"}}, {"model": "admin.logentry", "pk": 39, "fields": {"action_time": "2018-06-28T02:59:59.966Z", "user": 1, "content_type": 10, "object_id": "3", "object_repr": "yellow", "action_flag": 2, "change_message": "[{\"changed\": {\"fields\": [\"color_name\"]}}]"}}, {"model": "admin.logentry", "pk": 40, "fields": {"action_time": "2018-06-28T03:00:05.722Z", "user": 1, "content_type": 10, "object_id": "2", "object_repr": "pink", "action_flag": 2, "change_message": "[{\"changed\": {\"fields\": [\"color_name\"]}}]"}}, {"model": "admin.logentry", "pk": 41, "fields": {"action_time": "2018-06-28T03:00:12.205Z", "user": 1, "content_type": 10, "object_id": "1", "object_repr": "Brown", "action_flag": 3, "change_message": ""}}, {"model": "admin.logentry", "pk": 42, "fields": {"action_time": "2018-06-28T03:49:21.174Z", "user": 1, "content_type": 14, "object_id": "5", "object_repr": "5 - Product 1", "action_flag": 3, "change_message": ""}}, {"model": "admin.logentry", "pk": 43, "fields": {"action_time": "2018-06-28T03:49:21.189Z", "user": 1, "content_type": 14, "object_id": "4", "object_repr": "4 - Item 1", "action_flag": 3, "change_message": ""}}, {"model": "admin.logentry", "pk": 44, "fields": {"action_time": "2018-06-28T03:49:21.206Z", "user": 1, "content_type": 14, "object_id": "3", "object_repr": "3 - QAISAR KHAN 3", "action_flag": 3, "change_message": ""}}, {"model": "admin.logentry", "pk": 45, "fields": {"action_time": "2018-06-28T03:49:21.220Z", "user": 1, "content_type": 14, "object_id": "2", "object_repr": "2 - QAISAR KHAN2", "action_flag": 3, "change_message": ""}}, {"model": "admin.logentry", "pk": 46, "fields": {"action_time": "2018-06-28T03:49:21.237Z", "user": 1, "content_type": 14, "object_id": "1", "object_repr": "1 - QAISAR KHAN", "action_flag": 3, "change_message": ""}}, {"model": "admin.logentry", "pk": 47, "fields": {"action_time": "2018-06-28T05:53:58.610Z", "user": 1, "content_type": 14, "object_id": "7", "object_repr": "7 - Product 2", "action_flag": 3, "change_message": ""}}, {"model": "admin.logentry", "pk": 48, "fields": {"action_time": "2018-06-28T05:53:58.620Z", "user": 1, "content_type": 14, "object_id": "6", "object_repr": "6 - Product 1", "action_flag": 3, "change_message": ""}}, {"model": "admin.logentry", "pk": 49, "fields": {"action_time": "2018-06-28T06:25:53.509Z", "user": 1, "content_type": 14, "object_id": "8", "object_repr": "8 - Product 1", "action_flag": 3, "change_message": ""}}, {"model": "admin.logentry", "pk": 50, "fields": {"action_time": "2018-06-28T07:37:14.796Z", "user": 1, "content_type": 14, "object_id": "5", "object_repr": "5 - TRADITIONAL ELEGANCE", "action_flag": 2, "change_message": "[{\"changed\": {\"fields\": [\"cartDesc\", \"longDesc\"]}}]"}}, {"model": "admin.logentry", "pk": 51, "fields": {"action_time": "2018-06-28T07:38:00.283Z", "user": 1, "content_type": 14, "object_id": "5", "object_repr": "5 - TRADITIONAL ELEGANCE", "action_flag": 2, "change_message": "[{\"changed\": {\"fields\": [\"shortDesc\"]}}]"}}, {"model": "admin.logentry", "pk": 52, "fields": {"action_time": "2018-06-28T07:39:08.484Z", "user": 1, "content_type": 14, "object_id": "5", "object_repr": "5 - TRADITIONAL ELEGANCE", "action_flag": 2, "change_message": "[{\"changed\": {\"fields\": [\"materialAndCare\"]}}]"}}, {"model": "admin.logentry", "pk": 53, "fields": {"action_time": "2018-06-28T07:39:34.737Z", "user": 1, "content_type": 14, "object_id": "5", "object_repr": "5 - TRADITIONAL ELEGANCE", "action_flag": 2, "change_message": "[{\"changed\": {\"fields\": [\"live\", \"itemLimited\", \"featured\"]}}]"}}, {"model": "admin.logentry", "pk": 54, "fields": {"action_time": "2018-06-28T07:41:21.810Z", "user": 1, "content_type": 12, "object_id": "12", "object_repr": "Casual Suits", "action_flag": 1, "change_message": "[{\"added\": {}}]"}}, {"model": "admin.logentry", "pk": 55, "fields": {"action_time": "2018-06-29T05:20:47.509Z", "user": 1, "content_type": 12, "object_id": "8", "object_repr": "Trainers", "action_flag": 3, "change_message": ""}}, {"model": "admin.logentry", "pk": 56, "fields": {"action_time": "2018-06-29T05:20:47.523Z", "user": 1, "content_type": 12, "object_id": "9", "object_repr": "T-Shirt", "action_flag": 3, "change_message": ""}}, {"model": "admin.logentry", "pk": 57, "fields": {"action_time": "2018-06-29T05:20:47.542Z", "user": 1, "content_type": 12, "object_id": "10", "object_repr": "Shirt", "action_flag": 3, "change_message": ""}}, {"model": "admin.logentry", "pk": 58, "fields": {"action_time": "2018-06-29T05:20:47.560Z", "user": 1, "content_type": 12, "object_id": "7", "object_repr": "Sandal", "action_flag": 3, "change_message": ""}}, {"model": "admin.logentry", "pk": 59, "fields": {"action_time": "2018-06-29T05:20:47.578Z", "user": 1, "content_type": 12, "object_id": "4", "object_repr": "Iphone", "action_flag": 3, "change_message": ""}}, {"model": "admin.logentry", "pk": 60, "fields": {"action_time": "2018-06-29T05:20:47.596Z", "user": 1, "content_type": 12, "object_id": "2", "object_repr": "Ipad", "action_flag": 3, "change_message": ""}}, {"model": "admin.logentry", "pk": 61, "fields": {"action_time": "2018-06-29T05:20:47.615Z", "user": 1, "content_type": 12, "object_id": "6", "object_repr": "Hiking Shoes", "action_flag": 3, "change_message": ""}}, {"model": "admin.logentry", "pk": 62, "fields": {"action_time": "2018-06-29T05:20:47.633Z", "user": 1, "content_type": 12, "object_id": "1", "object_repr": "Head Phones", "action_flag": 3, "change_message": ""}}, {"model": "admin.logentry", "pk": 63, "fields": {"action_time": "2018-06-29T05:20:47.649Z", "user": 1, "content_type": 12, "object_id": "11", "object_repr": "Designer Dress", "action_flag": 3, "change_message": ""}}, {"model": "admin.logentry", "pk": 64, "fields": {"action_time": "2018-06-29T05:20:47.664Z", "user": 1, "content_type": 12, "object_id": "12", "object_repr": "Casual Suits", "action_flag": 3, "change_message": ""}}, {"model": "admin.logentry", "pk": 65, "fields": {"action_time": "2018-06-29T05:20:47.678Z", "user": 1, "content_type": 12, "object_id": "5", "object_repr": "Casual", "action_flag": 3, "change_message": ""}}, {"model": "admin.logentry", "pk": 66, "fields": {"action_time": "2018-06-29T05:20:47.695Z", "user": 1, "content_type": 12, "object_id": "3", "object_repr": "Android Tablet", "action_flag": 3, "change_message": ""}}, {"model": "admin.logentry", "pk": 67, "fields": {"action_time": "2018-06-29T05:21:54.476Z", "user": 1, "content_type": 12, "object_id": "13", "object_repr": "KAMEEZ SHALWAR", "action_flag": 1, "change_message": "[{\"added\": {}}]"}}, {"model": "admin.logentry", "pk": 68, "fields": {"action_time": "2018-06-29T05:24:40.188Z", "user": 1, "content_type": 12, "object_id": "13", "object_repr": "KAMEEZ SHALWAR", "action_flag": 2, "change_message": "[{\"changed\": {\"fields\": [\"prospect_type\"]}}]"}}, {"model": "admin.logentry", "pk": 69, "fields": {"action_time": "2018-06-29T05:24:58.450Z", "user": 1, "content_type": 12, "object_id": "14", "object_repr": "KURTA", "action_flag": 1, "change_message": "[{\"added\": {}}]"}}, {"model": "admin.logentry", "pk": 70, "fields": {"action_time": "2018-06-29T05:26:56.195Z", "user": 1, "content_type": 12, "object_id": "15", "object_repr": "UNSTITCHED", "action_flag": 1, "change_message": "[{\"added\": {}}]"}}, {"model": "admin.logentry", "pk": 71, "fields": {"action_time": "2018-06-29T05:27:15.069Z", "user": 1, "content_type": 12, "object_id": "16", "object_repr": "WAIST COAT", "action_flag": 1, "change_message": "[{\"added\": {}}]"}}, {"model": "admin.logentry", "pk": 72, "fields": {"action_time": "2018-06-29T05:28:30.464Z", "user": 1, "content_type": 12, "object_id": "17", "object_repr": "Designer Dress", "action_flag": 1, "change_message": "[{\"added\": {}}]"}}, {"model": "admin.logentry", "pk": 73, "fields": {"action_time": "2018-06-29T05:28:52.460Z", "user": 1, "content_type": 12, "object_id": "18", "object_repr": "KURTI", "action_flag": 1, "change_message": "[{\"added\": {}}]"}}, {"model": "admin.logentry", "pk": 74, "fields": {"action_time": "2018-06-29T05:29:58.557Z", "user": 1, "content_type": 12, "object_id": "17", "object_repr": "DESIGNER DRESS", "action_flag": 2, "change_message": "[{\"changed\": {\"fields\": [\"categoryName\"]}}]"}}, {"model": "admin.logentry", "pk": 75, "fields": {"action_time": "2018-06-29T05:34:25.472Z", "user": 1, "content_type": 12, "object_id": "16", "object_repr": "WAIST COAT", "action_flag": 3, "change_message": ""}}, {"model": "admin.logentry", "pk": 76, "fields": {"action_time": "2018-06-29T05:34:25.484Z", "user": 1, "content_type": 12, "object_id": "18", "object_repr": "KURTI", "action_flag": 3, "change_message": ""}}, {"model": "admin.logentry", "pk": 77, "fields": {"action_time": "2018-06-29T05:34:25.507Z", "user": 1, "content_type": 12, "object_id": "14", "object_repr": "KURTA", "action_flag": 3, "change_message": ""}}, {"model": "admin.logentry", "pk": 78, "fields": {"action_time": "2018-06-29T05:35:10.829Z", "user": 1, "content_type": 12, "object_id": "17", "object_repr": "FORMAL DRESS", "action_flag": 2, "change_message": "[{\"changed\": {\"fields\": [\"categoryName\"]}}]"}}, {"model": "admin.logentry", "pk": 79, "fields": {"action_time": "2018-06-29T05:35:22.317Z", "user": 1, "content_type": 12, "object_id": "19", "object_repr": "SHIRT", "action_flag": 1, "change_message": "[{\"added\": {}}]"}}, {"model": "admin.logentry", "pk": 80, "fields": {"action_time": "2018-06-29T05:36:14.952Z", "user": 1, "content_type": 12, "object_id": "20", "object_repr": "FORMAL SHOES", "action_flag": 1, "change_message": "[{\"added\": {}}]"}}, {"model": "admin.logentry", "pk": 81, "fields": {"action_time": "2018-06-29T05:36:29.074Z", "user": 1, "content_type": 12, "object_id": "21", "object_repr": "CASUAL FOOTWEAR", "action_flag": 1, "change_message": "[{\"added\": {}}]"}}, {"model": "admin.logentry", "pk": 82, "fields": {"action_time": "2018-06-29T05:37:35.964Z", "user": 1, "content_type": 12, "object_id": "22", "object_repr": "FRAGRENCES", "action_flag": 1, "change_message": "[{\"added\": {}}]"}}, {"model": "admin.logentry", "pk": 83, "fields": {"action_time": "2018-06-29T05:37:53.264Z", "user": 1, "content_type": 12, "object_id": "23", "object_repr": "MAKE UP", "action_flag": 1, "change_message": "[{\"added\": {}}]"}}, {"model": "admin.logentry", "pk": 84, "fields": {"action_time": "2018-06-29T23:21:16.936Z", "user": 1, "content_type": 12, "object_id": "15", "object_repr": "UNSTITCHED", "action_flag": 2, "change_message": "[{\"changed\": {\"fields\": [\"prospect_type\"]}}]"}}, {"model": "admin.logentry", "pk": 85, "fields": {"action_time": "2018-06-29T23:24:59.986Z", "user": 1, "content_type": 12, "object_id": "19", "object_repr": "SHIRT", "action_flag": 2, "change_message": "[{\"changed\": {\"fields\": [\"prospect_type\"]}}]"}}, {"model": "admin.logentry", "pk": 86, "fields": {"action_time": "2018-06-29T23:25:05.947Z", "user": 1, "content_type": 12, "object_id": "15", "object_repr": "UNSTITCHED", "action_flag": 2, "change_message": "[{\"changed\": {\"fields\": [\"prospect_type\"]}}]"}}, {"model": "admin.logentry", "pk": 87, "fields": {"action_time": "2018-06-29T23:26:01.552Z", "user": 1, "content_type": 12, "object_id": "15", "object_repr": "UNSTITCHED", "action_flag": 2, "change_message": "[]"}}, {"model": "admin.logentry", "pk": 88, "fields": {"action_time": "2018-06-29T23:26:10.397Z", "user": 1, "content_type": 12, "object_id": "19", "object_repr": "SHIRT", "action_flag": 2, "change_message": "[{\"changed\": {\"fields\": [\"prospect_type\"]}}]"}}, {"model": "admin.logentry", "pk": 89, "fields": {"action_time": "2018-06-29T23:26:19.155Z", "user": 1, "content_type": 12, "object_id": "23", "object_repr": "MAKE UP", "action_flag": 2, "change_message": "[{\"changed\": {\"fields\": [\"prospect_type\"]}}]"}}, {"model": "admin.logentry", "pk": 90, "fields": {"action_time": "2018-06-29T23:26:24.622Z", "user": 1, "content_type": 12, "object_id": "13", "object_repr": "KAMEEZ SHALWAR", "action_flag": 2, "change_message": "[{\"changed\": {\"fields\": [\"prospect_type\"]}}]"}}, {"model": "admin.logentry", "pk": 91, "fields": {"action_time": "2018-06-29T23:26:29.973Z", "user": 1, "content_type": 12, "object_id": "22", "object_repr": "FRAGRENCES", "action_flag": 2, "change_message": "[{\"changed\": {\"fields\": [\"prospect_type\"]}}]"}}, {"model": "admin.logentry", "pk": 92, "fields": {"action_time": "2018-06-29T23:26:36.731Z", "user": 1, "content_type": 12, "object_id": "20", "object_repr": "FORMAL SHOES", "action_flag": 2, "change_message": "[{\"changed\": {\"fields\": [\"prospect_type\"]}}]"}}, {"model": "admin.logentry", "pk": 93, "fields": {"action_time": "2018-06-29T23:26:41.846Z", "user": 1, "content_type": 12, "object_id": "17", "object_repr": "FORMAL DRESS", "action_flag": 2, "change_message": "[{\"changed\": {\"fields\": [\"prospect_type\"]}}]"}}, {"model": "admin.logentry", "pk": 94, "fields": {"action_time": "2018-06-29T23:26:46.542Z", "user": 1, "content_type": 12, "object_id": "17", "object_repr": "FORMAL DRESS", "action_flag": 2, "change_message": "[{\"changed\": {\"fields\": [\"prospect_type\"]}}]"}}, {"model": "admin.logentry", "pk": 95, "fields": {"action_time": "2018-06-29T23:26:51.713Z", "user": 1, "content_type": 12, "object_id": "21", "object_repr": "CASUAL FOOTWEAR", "action_flag": 2, "change_message": "[{\"changed\": {\"fields\": [\"prospect_type\"]}}]"}}, {"model": "admin.logentry", "pk": 96, "fields": {"action_time": "2018-06-30T00:09:19.121Z", "user": 1, "content_type": 12, "object_id": "23", "object_repr": "MAKE UP", "action_flag": 3, "change_message": ""}}, {"model": "admin.logentry", "pk": 97, "fields": {"action_time": "2018-06-30T01:17:48.214Z", "user": 1, "content_type": 14, "object_id": "1", "object_repr": "1 - QAISAR KHAN", "action_flag": 3, "change_message": ""}}, {"model": "admin.logentry", "pk": 98, "fields": {"action_time": "2018-06-30T01:18:54.253Z", "user": 1, "content_type": 11, "object_id": "4", "object_repr": "Junaid Jumshed", "action_flag": 1, "change_message": "[{\"added\": {}}]"}}, {"model": "admin.logentry", "pk": 99, "fields": {"action_time": "2018-06-30T01:19:44.496Z", "user": 1, "content_type": 10, "object_id": "10", "object_repr": "black", "action_flag": 1, "change_message": "[{\"added\": {}}]"}}, {"model": "admin.logentry", "pk": 100, "fields": {"action_time": "2018-06-30T01:21:46.170Z", "user": 1, "content_type": 10, "object_id": "11", "object_repr": "purple", "action_flag": 1, "change_message": "[{\"added\": {}}]"}}, {"model": "admin.logentry", "pk": 101, "fields": {"action_time": "2018-06-30T01:21:57.732Z", "user": 1, "content_type": 10, "object_id": "12", "object_repr": "orange", "action_flag": 1, "change_message": "[{\"added\": {}}]"}}, {"model": "admin.logentry", "pk": 102, "fields": {"action_time": "2018-06-30T01:55:03.045Z", "user": 1, "content_type": 10, "object_id": "13", "object_repr": "gray", "action_flag": 1, "change_message": "[{\"added\": {}}]"}}, {"model": "admin.logentry", "pk": 103, "fields": {"action_time": "2018-06-30T02:06:40.110Z", "user": 1, "content_type": 11, "object_id": "5", "object_repr": "Giorgio Armani", "action_flag": 1, "change_message": "[{\"added\": {}}]"}}, {"model": "admin.logentry", "pk": 104, "fields": {"action_time": "2018-06-30T02:36:57.724Z", "user": 1, "content_type": 11, "object_id": "6", "object_repr": "UNDANDY", "action_flag": 1, "change_message": "[{\"added\": {}}]"}}, {"model": "admin.logentry", "pk": 105, "fields": {"action_time": "2018-06-30T02:37:07.868Z", "user": 1, "content_type": 11, "object_id": "6", "object_repr": "Undandy", "action_flag": 2, "change_message": "[{\"changed\": {\"fields\": [\"brandName\"]}}]"}}, {"model": "admin.logentry", "pk": 106, "fields": {"action_time": "2018-06-30T02:42:49.201Z", "user": 1, "content_type": 11, "object_id": "7", "object_repr": "Adidas", "action_flag": 1, "change_message": "[{\"added\": {}}]"}}, {"model": "admin.logentry", "pk": 107, "fields": {"action_time": "2018-06-30T02:52:58.949Z", "user": 1, "content_type": 11, "object_id": "8", "object_repr": "Maira Ahsan", "action_flag": 1, "change_message": "[{\"added\": {}}]"}}, {"model": "admin.logentry", "pk": 108, "fields": {"action_time": "2018-06-30T03:03:19.279Z", "user": 1, "content_type": 11, "object_id": "9", "object_repr": "Gul Ahmad", "action_flag": 1, "change_message": "[{\"added\": {}}]"}}, {"model": "admin.logentry", "pk": 109, "fields": {"action_time": "2018-06-30T03:32:12.247Z", "user": 1, "content_type": 11, "object_id": "10", "object_repr": "Zainab Chottani", "action_flag": 1, "change_message": "[{\"added\": {}}]"}}, {"model": "admin.logentry", "pk": 110, "fields": {"action_time": "2018-06-30T03:40:48.838Z", "user": 1, "content_type": 11, "object_id": "10", "object_repr": "Zainab Chottani", "action_flag": 2, "change_message": "[]"}}, {"model": "admin.logentry", "pk": 111, "fields": {"action_time": "2018-06-30T03:41:05.815Z", "user": 1, "content_type": 11, "object_id": "11", "object_repr": "Unknown Brand", "action_flag": 1, "change_message": "[{\"added\": {}}]"}}, {"model": "admin.logentry", "pk": 112, "fields": {"action_time": "2018-06-30T03:49:10.703Z", "user": 1, "content_type": 11, "object_id": "12", "object_repr": "Springfield", "action_flag": 1, "change_message": "[{\"added\": {}}]"}}, {"model": "admin.logentry", "pk": 113, "fields": {"action_time": "2018-06-30T03:52:57.479Z", "user": 1, "content_type": 11, "object_id": "13", "object_repr": "Chanel", "action_flag": 1, "change_message": "[{\"added\": {}}]"}}, {"model": "admin.logentry", "pk": 114, "fields": {"action_time": "2018-07-02T03:25:56.330Z", "user": 1, "content_type": 14, "object_id": "11", "object_repr": "11 - JJPW-A-AJ-LS-064", "action_flag": 2, "change_message": "[{\"changed\": {\"fields\": [\"color\"]}}]"}}, {"model": "admin.logentry", "pk": 115, "fields": {"action_time": "2018-07-02T03:28:39.158Z", "user": 1, "content_type": 14, "object_id": "11", "object_repr": "11 - JJPW-A-AJ-LS-064", "action_flag": 2, "change_message": "[{\"changed\": {\"fields\": [\"color\"]}}]"}}, {"model": "admin.logentry", "pk": 116, "fields": {"action_time": "2018-07-02T03:29:43.579Z", "user": 1, "content_type": 14, "object_id": "11", "object_repr": "11 - JJPW-A-AJ-LS-064", "action_flag": 2, "change_message": "[{\"changed\": {\"fields\": [\"color\"]}}]"}}, {"model": "admin.logentry", "pk": 117, "fields": {"action_time": "2018-07-02T03:30:18.482Z", "user": 1, "content_type": 14, "object_id": "11", "object_repr": "11 - JJPW-A-AJ-LS-064", "action_flag": 2, "change_message": "[{\"changed\": {\"fields\": [\"color\"]}}]"}}, {"model": "admin.logentry", "pk": 118, "fields": {"action_time": "2018-07-02T03:32:36.417Z", "user": 1, "content_type": 14, "object_id": "11", "object_repr": "11 - JJPW-A-AJ-LS-064", "action_flag": 2, "change_message": "[{\"changed\": {\"fields\": [\"color\"]}}]"}}, {"model": "admin.logentry", "pk": 119, "fields": {"action_time": "2018-07-02T03:58:00.973Z", "user": 1, "content_type": 14, "object_id": "11", "object_repr": "11 - JJPW-A-AJ-LS-064", "action_flag": 2, "change_message": "[{\"changed\": {\"fields\": [\"color\"]}}]"}}, {"model": "admin.logentry", "pk": 120, "fields": {"action_time": "2018-07-02T05:51:12.481Z", "user": 1, "content_type": 14, "object_id": "11", "object_repr": "11 - JJPW-A-AJ-LS-064", "action_flag": 2, "change_message": "[{\"changed\": {\"fields\": [\"size\"]}}]"}}, {"model": "admin.logentry", "pk": 121, "fields": {"action_time": "2018-07-02T05:59:52.518Z", "user": 1, "content_type": 14, "object_id": "11", "object_repr": "11 - JJPW-A-AJ-LS-064", "action_flag": 2, "change_message": "[{\"changed\": {\"fields\": [\"longDesc\"]}}]"}}, {"model": "admin.logentry", "pk": 122, "fields": {"action_time": "2018-07-02T06:28:24.532Z", "user": 1, "content_type": 14, "object_id": "10", "object_repr": "10 - GulAhmed Turquoise Spring/Summer 2017", "action_flag": 2, "change_message": "[{\"changed\": {\"fields\": [\"materialAndCare\"]}}]"}}, {"model": "admin.logentry", "pk": 123, "fields": {"action_time": "2018-07-02T06:33:07.459Z", "user": 1, "content_type": 14, "object_id": "9", "object_repr": "9 - Maira Ahsan Embroidered Lawn Unstitched 3 Piece Suit", "action_flag": 2, "change_message": "[{\"changed\": {\"fields\": [\"slug\", \"fitting\", \"longDesc\"]}}]"}}, {"model": "admin.logentry", "pk": 124, "fields": {"action_time": "2018-07-02T06:38:03.032Z", "user": 1, "content_type": 14, "object_id": "9", "object_repr": "9 - Maira Ahsan Embroidered Lawn Unstitched", "action_flag": 2, "change_message": "[{\"changed\": {\"fields\": [\"slug\", \"title\"]}}]"}}, {"model": "admin.logentry", "pk": 125, "fields": {"action_time": "2018-07-02T06:38:46.502Z", "user": 1, "content_type": 14, "object_id": "9", "object_repr": "9 - Maira Ahsan Embroidered Lawn Unstitched", "action_flag": 2, "change_message": "[]"}}, {"model": "admin.logentry", "pk": 126, "fields": {"action_time": "2018-07-02T06:57:25.007Z", "user": 1, "content_type": 14, "object_id": "9", "object_repr": "9 - Maira Ahsan Embroidered Lawn Unstitched", "action_flag": 2, "change_message": "[]"}}, {"model": "admin.logentry", "pk": 127, "fields": {"action_time": "2018-07-02T06:58:46.519Z", "user": 1, "content_type": 14, "object_id": "9", "object_repr": "9 - Maira Ahsan Embroidered Lawn Unstitched", "action_flag": 2, "change_message": "[{\"changed\": {\"fields\": [\"longDesc\"]}}]"}}]