[{"model": "items.producttype", "pk": 1, "fields": {"productType": "Accessories"}}, {"model": "items.producttype", "pk": 2, "fields": {"productType": "Shoes"}}, {"model": "items.producttype", "pk": 3, "fields": {"productType": "Clothing"}}, {"model": "items.category", "pk": 1, "fields": {"categoryName": "Head Phones", "productType": 1, "lookAndTrend": true, "featured": true}}, {"model": "items.category", "pk": 2, "fields": {"categoryName": "Ipad", "productType": 1, "lookAndTrend": true, "featured": true}}, {"model": "items.category", "pk": 3, "fields": {"categoryName": "Android Tablet", "productType": 1, "lookAndTrend": true, "featured": true}}, {"model": "items.category", "pk": 4, "fields": {"categoryName": "Iphone", "productType": 1, "lookAndTrend": true, "featured": true}}, {"model": "items.category", "pk": 5, "fields": {"categoryName": "Casual", "productType": 3, "lookAndTrend": true, "featured": true}}, {"model": "items.category", "pk": 6, "fields": {"categoryName": "Hiking Shoes", "productType": 2, "lookAndTrend": true, "featured": true}}, {"model": "items.category", "pk": 7, "fields": {"categoryName": "Sandal", "productType": 2, "lookAndTrend": true, "featured": true}}, {"model": "items.category", "pk": 8, "fields": {"categoryName": "Trainers", "productType": 2, "lookAndTrend": true, "featured": true}}, {"model": "items.category", "pk": 9, "fields": {"categoryName": "T-Shirt", "productType": 3, "lookAndTrend": true, "featured": true}}, {"model": "items.category", "pk": 10, "fields": {"categoryName": "Shirt", "productType": 3, "lookAndTrend": true, "featured": true}}, {"model": "items.category", "pk": 11, "fields": {"categoryName": "Designer Dress", "productType": 3, "lookAndTrend": true, "featured": true}}, {"model": "items.category", "pk": 12, "fields": {"categoryName": "Casual Suits", "productType": 3, "lookAndTrend": true, "featured": true}}, {"model": "items.brand", "pk": 1, "fields": {"brandName": "Khaadi"}}, {"model": "items.brand", "pk": 2, "fields": {"brandName": "Breeze"}}, {"model": "items.brand", "pk": 3, "fields": {"brandName": "Sana Safinaz"}}, {"model": "items.prospect", "pk": 1, "fields": {"prospect": "Kids"}}, {"model": "items.prospect", "pk": 2, "fields": {"prospect": "Ladies"}}, {"model": "items.prospect", "pk": 3, "fields": {"prospect": "Men"}}, {"model": "items.country", "pk": 1, "fields": {"country": "Australia"}}, {"model": "items.country", "pk": 2, "fields": {"country": "Pakistan"}}, {"model": "items.country", "pk": 3, "fields": {"country": "Canada"}}, {"model": "items.color", "pk": 2, "fields": {"color_name": "pink"}}, {"model": "items.color", "pk": 3, "fields": {"color_name": "yellow"}}, {"model": "items.color", "pk": 4, "fields": {"color_name": "purple"}}, {"model": "items.color", "pk": 5, "fields": {"color_name": "pink"}}, {"model": "items.color", "pk": 6, "fields": {"color_name": "green"}}, {"model": "items.color", "pk": 7, "fields": {"color_name": "blue"}}, {"model": "items.color", "pk": 8, "fields": {"color_name": "red"}}, {"model": "items.color", "pk": 9, "fields": {"color_name": "brown"}}, {"model": "items.item", "pk": 1, "fields": {"categoryID": 11, "brandID": 3, "prospectID": 2, "countryID": 1, "added_by": 1, "last_edited_by": null, "slug": "luxury-18-03a", "sku": "EID18-03A", "title": "LUXURY 18-03A", "price": "150.00", "size": "M,L", "weight": "10.00", "cartDesc": "LUXURY 18-03A", "shortDesc": "<p>Period floral patterns carved out in copper sequin on front, back and sleeves on a delicate beige colored net provided with a slip and an Indian raw silk trouser paired with a beautiful bold floral embroidered net dupatta.</p>", "materialAndCare": "<ul>\r\n\t<li>Poly Net Shirt Front with Sequence Embroidery&nbsp;1</li>\r\n\t<li>MeterPoly Net Shirt Back with Sequence Embroidery&nbsp;1</li>\r\n\t<li>MeterPoly Net Sleeves with Sequence Embroidery&nbsp;.55</li>\r\n\t<li>MetersEmbroidered Net Dupatta&nbsp;2.50 Meters</li>\r\n\t<li>Indian Raw Silk Trouser&nbsp;2.50 MetersSlip Fabric for lining&nbsp;2.50 Meters</li>\r\n</ul>", "color": 9, "fitting": "<p>&nbsp;</p>\r\n\r\n<p>&nbsp;</p>", "longDesc": "<p>Period floral patterns carved out in copper sequin on front, back and sleeves on a delicate beige colored net provided with a slip and an Indian raw silk trouser paired with a beautiful bold floral embroidered net dupatta.</p>\r\n\r\n<p>&nbsp;</p>\r\n\r\n<p>Poly Net Shirt Front with Sequence Embroidery&nbsp;1 MeterPoly Net Shirt Back with Sequence Embroidery&nbsp;1 MeterPoly Net Sleeves with Sequence Embroidery&nbsp;.55 MetersEmbroidered Net Dupatta&nbsp;2.50 MetersIndian Raw Silk Trouser&nbsp;2.50 MetersSlip Fabric for lining&nbsp;2.50 Meters</p>", "thumb_image": "items/1/1_BQLp2It.jpg", "image1": "items/1/1_2sWpNy1.jpg", "image2": "items/1/1_HE6jSBf.jpg", "image3": "items/1/1_OrGUxQ3.jpg", "image4": "items/1/1_lrnqsCU.jpg", "image5": "items/1/1_bk444CV.jpg", "image6": "items/1/1_rCbzXEu.jpg", "height_field": 207, "width_field": 243, "stock": "4.00", "live": true, "itemLimited": true, "location": null, "featured": false, "active": true, "updated": "2018-06-28T06:30:22.897Z", "timestamp": "2018-06-28T06:30:22.897Z"}}, {"model": "items.item", "pk": 2, "fields": {"categoryID": 10, "brandID": 3, "prospectID": 2, "countryID": 1, "added_by": 1, "last_edited_by": null, "slug": "charbel", "sku": "S18110202", "title": "CHARBEL", "price": "120.00", "size": "S,M,L", "weight": "12.00", "cartDesc": "CHARBEL", "shortDesc": "<p>Self printed shirt with embroidered floral binch on the side completed with bell sleeves and fringe lace details.</p>", "materialAndCare": "<p>Fabric: Cotton</p>", "color": 8, "fitting": "", "longDesc": "<p>Self printed shirt with embroidered floral binch on the side completed with bell sleeves and fringe lace details. Fabric: Cotton</p>", "thumb_image": "items/2/2_Up7OC7C.jpg", "image1": "items/2/2_DEWyqsW.jpg", "image2": "items/2/2_qicX4iB.jpg", "image3": "items/2/2_v5YkGIc.jpg", "image4": "items/2/2_7TQvc1b.jpg", "image5": "items/2/2_Xu4tUi6.jpg", "image6": "items/2/2_lokJa1C.jpg", "height_field": 1200, "width_field": 800, "stock": "0.00", "live": true, "itemLimited": true, "location": null, "featured": false, "active": true, "updated": "2018-06-28T06:37:39.728Z", "timestamp": "2018-06-28T06:37:39.728Z"}}, {"model": "items.item", "pk": 3, "fields": {"categoryID": 10, "brandID": 3, "prospectID": 2, "countryID": 1, "added_by": 1, "last_edited_by": null, "slug": "kelly-exclusive-ready-to-wear", "sku": "S18200540", "title": "KELLY - EXCLUSIVE - READY TO WEAR", "price": "110.00", "size": "M,L", "weight": "20.00", "cartDesc": "KELLY - EXCLUSIVE - READY TO WEAR", "shortDesc": "<p>Emerald green shirt with heavy embroidery all over front, sleeves and back. Slip included.</p>", "materialAndCare": "<p>Fabric: Organza</p>", "color": 6, "fitting": "", "longDesc": "<p>Emerald green shirt with heavy embroidery all over front, sleeves and back. Slip included. Fabric: Organza</p>", "thumb_image": "items/3/3_PLvfD6R.jpg", "image1": "items/3/3_oB67N3k.jpg", "image2": "items/3/3_Nr14th8.jpg", "image3": "items/3/3_AwWNPvX.jpg", "image4": "items/3/3_jMrUDuR.jpg", "image5": "items/3/3_hjZy8Ep.jpg", "image6": "items/3/3_yNV6RzJ.jpg", "height_field": 1200, "width_field": 800, "stock": "4.00", "live": true, "itemLimited": true, "location": null, "featured": false, "active": true, "updated": "2018-06-28T06:44:36.579Z", "timestamp": "2018-06-28T06:44:36.579Z"}}, {"model": "items.item", "pk": 4, "fields": {"categoryID": 10, "brandID": 3, "prospectID": 2, "countryID": 1, "added_by": 1, "last_edited_by": null, "slug": "smoked-ring", "sku": "S18300002", "title": "SMOKED RING", "price": "155.00", "size": "S,M,L", "weight": "5.00", "cartDesc": "SMOKED RING", "shortDesc": "<p>Chic printed silk tunic.</p>", "materialAndCare": "<p>Chic printed silk tunic.</p>", "color": 8, "fitting": "", "longDesc": "<p>Chic printed silk tunic.</p>", "thumb_image": "items/4/4.jpg", "image1": "items/4/4_jyDKqKr.jpg", "image2": "items/4/4_byScJNV.jpg", "image3": "items/4/4_z9gFwAQ.jpg", "image4": "items/4/4_psnSd5F.jpg", "image5": "items/4/4_kS25yt0.jpg", "image6": "items/4/4_b21ibo6.jpg", "height_field": 1200, "width_field": 800, "stock": "4.00", "live": true, "itemLimited": true, "location": null, "featured": false, "active": true, "updated": "2018-06-28T06:48:45.063Z", "timestamp": "2018-06-28T06:48:45.063Z"}}, {"model": "items.item", "pk": 5, "fields": {"categoryID": 11, "brandID": 2, "prospectID": 2, "countryID": 1, "added_by": 1, "last_edited_by": null, "slug": "traditional-elegance", "sku": "CH2469-MAROON-2000000068098", "title": "TRADITIONAL ELEGANCE", "price": "120.00", "size": "S,M,L", "weight": "10.00", "cartDesc": null, "shortDesc": "<p>QAISAR KHAN</p>", "materialAndCare": "<ol>\r\n\t<li>Cotton</li>\r\n\t<li>Polyster</li>\r\n</ol>", "color": 8, "fitting": "<p>DIMENSIONS</p>\r\n\r\n<p>Shirt&nbsp;<strong>1m</strong><br />\r\nDupatta&nbsp;<strong>2.5m</strong><br />\r\nShalwar&nbsp;<strong>2.5m</strong></p>", "longDesc": "<p>K-Lwn Traditional Elegance B-W</p>", "thumb_image": "items/5/5_yhjklSi.jpg", "image1": "items/5/5_lQtB3qf.jpg", "image2": "items/5/5_egSvwmT.jpg", "image3": "items/5/5_hMOy1to.jpg", "image4": "items/5/5_MuURtAR.jpg", "image5": "items/5/5_tYQqKA8.jpg", "image6": "items/5/5_DDZAjx2.jpg", "height_field": 150, "width_field": 100, "stock": "0.00", "live": true, "itemLimited": true, "location": null, "featured": true, "active": true, "updated": "2018-06-28T07:39:34.724Z", "timestamp": "2018-06-28T07:35:52.159Z"}}, {"model": "items.item", "pk": 6, "fields": {"categoryID": 12, "brandID": 2, "prospectID": 2, "countryID": 1, "added_by": 1, "last_edited_by": null, "slug": "chikankari-elegance", "sku": "CH2618-AQUA-2000000072402", "title": "CHIKANKARI ELEGANCE", "price": "80.00", "size": "S,M", "weight": "5.00", "cartDesc": "CHIKANKARI ELEGANCE", "shortDesc": "<p>S-Lawn Chikankari Elegance Bw</p>", "materialAndCare": "<p>Dry Clean Only</p>", "color": 7, "fitting": "<p>DIMENSIONS</p>\r\n\r\n<p>Shirt&nbsp;<strong>2.5m&nbsp;</strong><br />\r\nDupatta&nbsp;<strong>2.5m</strong><br />\r\nShalwar&nbsp;<strong>2.5m</strong></p>", "longDesc": "<p>S-Lawn Chikankari Elegance Bw</p>", "thumb_image": "items/6/6.jpg", "image1": "items/6/6_zgskP9V.jpg", "image2": "items/6/6_5zPZ0EK.jpg", "image3": "items/6/6_eXvXd19.jpg", "image4": "items/6/6_kja3NFY.jpg", "image5": "items/6/6_fP7SBwk.jpg", "image6": "items/6/6_ghaKIii.jpg", "height_field": 150, "width_field": 100, "stock": "55.00", "live": true, "itemLimited": true, "location": null, "featured": false, "active": true, "updated": "2018-06-28T07:43:59.259Z", "timestamp": "2018-06-28T07:43:59.259Z"}}, {"model": "items.item", "pk": 7, "fields": {"categoryID": 12, "brandID": 1, "prospectID": 2, "countryID": 1, "added_by": 1, "last_edited_by": null, "slug": "semi-formal-kurta", "sku": "KSFE18220-Brown", "title": "Semi Formal Kurta", "price": "86.00", "size": "S,M,L", "weight": "12.00", "cartDesc": "Semi Formal Kurta", "shortDesc": "<p>Embroidered Silk Top With Panels</p>", "materialAndCare": "<p>Raw Silk</p>", "color": 9, "fitting": "<p>Hand Made Tassels And Buttons</p>", "longDesc": "<p>Embroidered Silk Top With Panels</p>\r\n\r\n<p>Material: Raw Silk</p>\r\n\r\n<p>Embellishment: Hand Made Tassels And Buttons</p>", "thumb_image": "items/7/7_D0gYbVS.jpg", "image1": "items/7/7_kGgrpxN.jpg", "image2": "items/7/7_i0RKoRp.jpg", "image3": "items/7/7_FWRdADj.jpg", "image4": "items/7/7_YAieb1I.jpg", "image5": "items/7/7_KQj1F3B.jpg", "image6": "items/7/7_IK8zYHL.jpg", "height_field": 110, "width_field": 73, "stock": "0.00", "live": false, "itemLimited": false, "location": null, "featured": false, "active": true, "updated": "2018-06-28T07:48:31.069Z", "timestamp": "2018-06-28T07:48:31.069Z"}}, {"model": "items.item", "pk": 8, "fields": {"categoryID": 12, "brandID": 1, "prospectID": 2, "countryID": 1, "added_by": 1, "last_edited_by": null, "slug": "miniature", "sku": "KCC18109-Yellow", "title": "Miniature", "price": "77.00", "size": "S,M,L", "weight": "12.00", "cartDesc": "Miniature", "shortDesc": "<p>Miniature</p>", "materialAndCare": "<p>Miniature</p>", "color": 3, "fitting": "<p>Miniature</p>", "longDesc": "<p>Miniature</p>", "thumb_image": "items/8/8_X00ZXEc.jpg", "image1": "items/8/8_JDqtZBl.jpg", "image2": "items/8/8_OnbR0Sa.jpg", "image3": "items/8/8_6pyBA8e.jpg", "image4": "items/8/8_H4i3Rv4.jpg", "image5": "items/8/8_cyBZXcd.jpg", "image6": "items/8/8_vhyEQQ9.jpg", "height_field": 110, "width_field": 73, "stock": "33.00", "live": true, "itemLimited": true, "location": null, "featured": true, "active": true, "updated": "2018-06-28T07:55:07.203Z", "timestamp": "2018-06-28T07:55:07.203Z"}}]